{"mean": [0.14819283296943234, 0.6775116340688696, -1.5753864628820962, 1.7708711790393012, 3.392988943040393, -0.9838399344978167, 0.4015557108312458, -1.9890240174672489, 0.08332860262008734, 8.910324838275109, 9.271007696506551, 0.48403844975073607, 7.9321561135371175, 10.555247816593887, 93.8638768668559, -0.12971515283842797, 4.7563610959107745, -9.332266375545851, 9.635336244541486, 100.01397992982531, -2.0307505240174675, 2.43339013584163, -7.811399563318777, 3.9013537117903927, 86.63105817853712, 0.5530630403930131, 3.104284751322422, -5.5225927947598255, 6.723947598253274, 124.82071252761463], "scale": [1.571708483993475, 0.6646339250603673, 2.2888333442434545, 2.163062783572382, 6.030318758348773, 2.685081529303804, 0.7559590026269928, 3.619298498863739, 2.9633690588818364, 24.322852611664246, 2.723058991967255, 0.5127861772721518, 3.308390086704293, 3.0212199675821467, 31.881245496010006, 5.730427067643459, 6.673558919847421, 14.602102406688553, 15.306762992349826, 304.1839572762464, 8.133950662867337, 3.2287101989135794, 12.685060907665319, 7.373077276372436, 534.3477074304317, 9.598631525173875, 4.769121808846069, 11.909674670663334, 14.864415434708311, 293.6708569340747]}