{
  "mean": [
    0.0897730645161291,
    1.0193629030646323,
    -2.932274193548389,
    2.451975806451612,
    3.939534946451612,
    -1.5679243951612902,
    1.2354042906793716,
    -4.6387822580645155,
    1.664790322580643,
    15.908553701088712,
    8.442428991935481,
    0.8185817349819982,
    6.2122661290322565,
    10.69966935483871,
    85.10082437584676,
    -1.788201491935485,
    9.98819924587908,
    -23.284048387096767,
    18.132459677419348,
    330.42017807487935,
    -12.036647016129038,
    6.677268281034873,
    -25.50881451612902,
    0.7166290322580637,
    876.4877652404032,
    3.3389279435483874,
    6.13474804599911,
    -9.326395161290327,
    17.211258064516123,
    275.32754512576616,
    10.043156335211703,
    1.1519859278225641,
    13.397161966130815,
    7.427578871755988,
    23.529727803980755,
    8.260049423110056,
    41.760921229977654,
    10.334081428248005,
    0.5411383182490147,
    3.603899936662448,
    0.811774469521176,
    16.54032258064516,
    13.185483870967742,
    4.241935483870968,
    16.201612903225808,
    10.46774193548387,
    10.516129032258064,
    5.3842500000000015,
    6.303572580645159,
    4.487403225806451,
    41.416508064516165,
    26.225443548387087,
    26.537653225806437
  ],
  "scale": [
    1.5047738026970532,
    0.7924839543557272,
    3.492156516322732,
    2.501067696081498,
    5.105786451586536,
    2.873220885615327,
    1.9153445573007708,
    7.092676686100684,
    2.966228995886087,
    29.526581787469723,
    3.512376322909588,
    0.9051815295243085,
    5.583031967790341,
    2.349716509056325,
    39.89469640810302,
    7.458166969969357,
    13.108551970824145,
    32.97348601133332,
    23.015767722613074,
    720.2803413169096,
    24.31660869387477,
    9.783839930291963,
    36.093585867799845,
    17.377392349789183,
    1916.4424464674353,
    12.744304877843001,
    8.007912643520479,
    13.885776338733509,
    27.77495177077518,
    499.39724273724295,
    0.8996127396025037,
    1.3955461979912602,
    3.820415586458853,
    3.3394549377500864,
    27.000332391076476,
    11.46041152013259,
    48.07160320258885,
    16.110760443961876,
    0.7199256174864406,
    5.0813734041634815,
    1.1027414713544204,
    15.777382338155105,
    13.264290489325985,
    10.834808725809134,
    12.504179842259767,
    13.734484198231373,
    10.828936646161356,
    4.755100888697685,
    9.527904991920032,
    4.843476175892809,
    52.55908233574613,
    32.275130251430646,
    34.685388082536996
  ]
}